<configuration>

    <property>
        <name>fs.s3a.impl</name>
        <value>org.apache.hadoop.fs.s3a.S3AFileSystem</value>
        <description>The implementation class of the S3A Filesystem.</description>
    </property>

    <property>
        <name>fs.s3a.access.key</name>
        <value>ACCESS_KEY</value>
        <description>AWS access key ID used by S3A file system. Omit for IAM role-based or provider-based authentication.</description>
    </property>

    <property>
        <name>fs.s3a.secret.key</name>
        <value>SECRET_KEY</value>
        <description>AWS secret key used by S3A file system. Omit for IAM role-based or provider-based authentication.</description>
    </property>

    <property>
        <name>fs.s3a.connection.maximum</name>
        <value>15</value>
        <description>Controls the maximum number of simultaneous connections to S3.</description>
    </property>

    <property>
        <name>mapreduce.fileoutputcommitter.algorithm.version</name>
        <value>2</value>
    </property>

</configuration>
