{
  "api": {
    "default": {
      "partition_key": "created_date",
      "row_key": "id",
      "precombine_key": "updated_at",
      "batch_import_s3_path": "s3a://qb-data-analysis/warehouse/realtime_api.db/"
    },
    "geo_ips": {
      "partition_key": "created_date",
      "row_key": "ip",
      "precombine_key": "updated_at",
      "batch_import_s3_path": "s3a://qb-data-analysis/warehouse/realtime_api.db/geo_ips"
    },
    "hdfc_mpr": {
      "partition_key": "created_date",
      "row_key": "track_id",
      "precombine_key": "updated_at",
      "batch_import_s3_path": "s3a://qb-data-analysis/warehouse/realtime_api.db/hdfc_mpr"
    },
    "iins": {
      "partition_key": "created_date",
      "row_key": "iin",
      "precombine_key": "updated_at",
      "batch_import_s3_path": "s3a://qb-data-analysis/warehouse/realtime_api.db/iins"
    },
    "merchant_banks": {
      "partition_key": "created_date",
      "row_key": "merchant_id",
      "precombine_key": "updated_at",
      "batch_import_s3_path": "s3a://qb-data-analysis/warehouse/realtime_api.db/merchant_banks"
    },
    "merchant_details": {
      "partition_key": "created_date",
      "row_key": "merchant_id",
      "precombine_key": "updated_at",
      "batch_import_s3_path": "s3a://qb-data-analysis/warehouse/realtime_api.db/merchant_details"
    },
    "merchant_users": {
      "partition_key": "created_date",
      "row_key": "__id",
      "precombine_key": "updated_at",
      "composite_key": [
        "merchant_id",
        "user_id",
        "product",
        "role"
      ],
      "batch_import_s3_path": "s3a://qb-data-analysis/warehouse/realtime_api.db/merchant_users"
    },
    "group_map": {
      "partition_key": "",
      "row_key": "__id",
      "precombine_key": "group_id",
      "composite_key": [
        "group_id",
        "entity_id"
      ],
      "batch_import_s3_path": "s3a://qb-data-analysis/warehouse/realtime_api.db/group_map"
    },
    "merchant_map": {
      "partition_key": "",
      "row_key": "__id",
      "precombine_key": "merchant_id",
      "composite_key": [
        "merchant_id",
        "entity_id"
      ],
      "batch_import_s3_path": "s3a://qb-data-analysis/warehouse/realtime_api.db/merchant_map"
    },
    "merchant_terminal": {
      "partition_key": "",
      "row_key": "__id",
      "precombine_key": "merchant_id",
      "composite_key": [
        "merchant_id",
        "terminal_id"
      ],
      "batch_import_s3_path": "s3a://qb-data-analysis/warehouse/realtime_api.db/merchant_terminal"
    },
    "permission_map": {
      "partition_key": "",
      "row_key": "__id",
      "precombine_key": "permission_id",
      "composite_key": [
        "permission_id",
        "entity_id"
      ],
      "batch_import_s3_path": "s3a://qb-data-analysis/warehouse/realtime_api.db/permission_map"
    },
    "role_map": {
      "partition_key": "",
      "row_key": "__id",
      "precombine_key": "role_id",
      "composite_key": [
        "role_id",
        "entity_id"
      ],
      "batch_import_s3_path": "s3a://qb-data-analysis/warehouse/realtime_api.db/role_map"
    },
    "workflow_permissions": {
      "partition_key": "",
      "row_key": "__id",
      "precombine_key": "workflow_id",
      "composite_key": [
        "workflow_id",
        "permission_id"
      ],
      "batch_import_s3_path": "s3a://qb-data-analysis/warehouse/realtime_api.db/workflow_permissions"
    },
    "tax_group_tax_map": {
      "partition_key": "created_date",
      "row_key": "__id",
      "precombine_key": "updated_at",
      "composite_key": [
        "tax_group_id",
        "tax_id"
      ],
      "batch_import_s3_path": "s3a://qb-data-analysis/warehouse/realtime_api.db/tax_group_tax_map"
    },
    "customer_balance": {
      "partition_key": "created_date",
      "row_key": "customer_id",
      "precombine_key": "updated_at",
      "batch_import_s3_path": "s3a://qb-data-analysis/warehouse/realtime_api.db/customer_balance"
    },
    "entity_offer": {
      "partition_key": "created_date",
      "row_key": "__id",
      "precombine_key": "updated_at",
      "composite_key": [
        "entity_id",
        "entity_type",
        "offer_id"
      ],
      "batch_import_s3_path": "s3a://qb-data-analysis/warehouse/realtime_api.db/entity_offer"
    },
    "migrations": {
      "partition_key": "",
      "row_key": "migration",
      "precombine_key": "batch",
      "batch_import_s3_path": "s3a://qb-data-analysis/warehouse/realtime_api.db/migrations"
    },
    "p2p_handles": {
      "partition_key": "created_date",
      "row_key": "code",
      "precombine_key": "updated_at",
      "batch_import_s3_path": "s3a://qb-data-analysis/warehouse/realtime_api.db/p2p_handles"
    },
    "p2p_register_tokens": {
      "partition_key": "created_date",
      "row_key": "token",
      "precombine_key": "updated_at",
      "batch_import_s3_path": "s3a://qb-data-analysis/warehouse/realtime_api.db/p2p_register_tokens"
    },
    "p2p_upi_transactions": {
      "partition_key": "created_date",
      "row_key": "transaction_id",
      "precombine_key": "updated_at",
      "batch_import_s3_path": "s3a://qb-data-analysis/warehouse/realtime_api.db/p2p_upi_transactions"
    },
    "sessions": {
      "partition_key": "",
      "row_key": "id",
      "precombine_key": "last_activity",
      "batch_import_s3_path": "s3a://qb-data-analysis/warehouse/realtime_api.db/sessions"
    },
    "tagging_tag_groups": {
      "partition_key": "",
      "row_key": "id",
      "precombine_key": "name",
      "batch_import_s3_path": "s3a://qb-data-analysis/warehouse/realtime_api.db/tagging_tag_groups"
    },
    "tagging_tagged": {
      "partition_key": "",
      "row_key": "id",
      "precombine_key": "tag_name",
      "batch_import_s3_path": "s3a://qb-data-analysis/warehouse/realtime_api.db/tagging_tagged"
    },
    "tagging_tags": {
      "partition_key": "",
      "row_key": "id",
      "precombine_key": "name",
      "batch_import_s3_path": "s3a://qb-data-analysis/warehouse/realtime_api.db/tagging_tags"
    },
    "payment_analytics": {
      "partition_key": "created_date",
      "row_key": "id",
      "precombine_key": "updated_at",
      "batch_import_s3_path": [
        "s3a://qb-data-analysis/warehouse/realtime_api.db/payment_analytics_2015_2017",
        "s3a://qb-data-analysis/warehouse/realtime_api.db/payment_analytics_2018",
        "s3a://qb-data-analysis/warehouse/realtime_api.db/payment_analytics_2019_1",
        "s3a://qb-data-analysis/warehouse/realtime_api.db/payment_analytics_2019_2",
        "s3a://qb-data-analysis/warehouse/realtime_api.db/payment_analytics_2019_3",
        "s3a://qb-data-analysis/warehouse/realtime_api.db/payment_analytics_2019_4",
        "s3a://qb-data-analysis/warehouse/realtime_api.db/payment_analytics_2020_1"
      ]
    },
    "payments": {
      "partition_key": "created_date",
      "row_key": "id",
      "precombine_key": "updated_at",
      "batch_import_s3_path": [
        "s3a://qb-data-analysis/warehouse/realtime_api.db/payments_2015_2017",
        "s3a://qb-data-analysis/warehouse/realtime_api.db/payments_2018",
        "s3a://qb-data-analysis/warehouse/realtime_api.db/payments_2019_1",
        "s3a://qb-data-analysis/warehouse/realtime_api.db/payments_2019_2",
        "s3a://qb-data-analysis/warehouse/realtime_api.db/payments_2019_3",
        "s3a://qb-data-analysis/warehouse/realtime_api.db/payments_2019_4",
        "s3a://qb-data-analysis/warehouse/realtime_api.db/payments_2020_1"
      ]
    },
    "transactions": {
      "partition_key": "created_date",
      "row_key": "id",
      "precombine_key": "updated_at",
      "batch_import_s3_path": [
        "s3a://qb-data-analysis/warehouse/realtime_api.db/transactions_2015_2017",
        "s3a://qb-data-analysis/warehouse/realtime_api.db/transactions_2018",
        "s3a://qb-data-analysis/warehouse/realtime_api.db/transactions_2019_1",
        "s3a://qb-data-analysis/warehouse/realtime_api.db/transactions_2019_2",
        "s3a://qb-data-analysis/warehouse/realtime_api.db/transactions_2020_1"
      ]
    },
    "orders": {
      "partition_key": "created_date",
      "row_key": "id",
      "precombine_key": "updated_at",
      "batch_import_s3_path": [
        "s3a://qb-data-analysis/warehouse/realtime_api.db/orders_2015_2017",
        "s3a://qb-data-analysis/warehouse/realtime_api.db/orders_2018",
        "s3a://qb-data-analysis/warehouse/realtime_api.db/orders_2019_1",
        "s3a://qb-data-analysis/warehouse/realtime_api.db/orders_2019_2",
        "s3a://qb-data-analysis/warehouse/realtime_api.db/orders_2019_3",
        "s3a://qb-data-analysis/warehouse/realtime_api.db/orders_2019_4",
        "s3a://qb-data-analysis/warehouse/realtime_api.db/orders_2020_1"
      ]
    },
    "invoices": {
      "partition_key": "created_date",
      "row_key": "id",
      "precombine_key": "updated_at",
      "batch_import_s3_path": [
        "s3a://qb-data-analysis/warehouse/realtime_api.db/invoices_2015_2018",
        "s3a://qb-data-analysis/warehouse/realtime_api.db/invoices_2019_1",
        "s3a://qb-data-analysis/warehouse/realtime_api.db/invoices_2019_2",
        "s3a://qb-data-analysis/warehouse/realtime_api.db/invoices_2019_3",
        "s3a://qb-data-analysis/warehouse/realtime_api.db/invoices_2019_4",
        "s3a://qb-data-analysis/warehouse/realtime_api.db/invoices_2020_1"
      ]
    },
    "fees_breakup": {
      "partition_key": "created_date",
      "row_key": "id",
      "precombine_key": "updated_at",
      "batch_import_s3_path": [
        "s3a://qb-data-analysis/warehouse/realtime_api.db/fees_breakup_2015_2017",
        "s3a://qb-data-analysis/warehouse/realtime_api.db/fees_breakup_2018",
        "s3a://qb-data-analysis/warehouse/realtime_api.db/fees_breakup_2019_1",
        "s3a://qb-data-analysis/warehouse/realtime_api.db/fees_breakup_2019_2",
        "s3a://qb-data-analysis/warehouse/realtime_api.db/fees_breakup_2020_1"
      ]
    },
    "upi_metadata": {
      "partition_key": "created_date",
      "row_key": "payment_id",
      "precombine_key": "updated_at",
      "batch_import_s3_path": "s3a://qb-data-analysis/warehouse/realtime_api.db/upi_metadata"
    },
    "upi_metadata_new": {
      "partition_key": "created_date",
      "row_key": "payment_id",
      "precombine_key": "updated_at",
      "batch_import_s3_path": "s3a://qb-data-analysis/warehouse/realtime_api.db/upi_metadata_new"
    },
    "admin_audit_map": {
      "partition_key": "",
      "row_key": "__id",
      "precombine_key": "__id",
      "batch_import_s3_path": "s3a://qb-data-analysis/warehouse/realtime_api.db/admin_audit_map",
      "composite_key": [
        "admin_id",
        "auditor_type",
        "entity_id"
      ]
    },
    "bvs_validation": {
      "partition_key": "created_date",
      "row_key": "validation_id",
      "precombine_key": "updated_at",
      "batch_import_s3_path": "s3a://qb-data-analysis/warehouse/realtime_api.db/bvs_validation"
    },
    "heartbeat": {
      "row_key": "server_id",
      "partition_key": "",
      "precombine_key": "server_id",
      "batch_import_s3_path": "s3a://qb-data-analysis/warehouse/realtime_api.db/heartbeat"
    },
    "merchant_rewards": {
      "row_key": "__id",
      "partition_key": "created_date",
      "precombine_key": "updated_at",
      "batch_import_s3_path": "s3a://qb-data-analysis/warehouse/realtime_api.db/merchant_rewards",
      "composite_key": [
        "merchant_id",
        "reward_id"
      ]
    }
  },
  "scrooge": {
    "default": {
      "partition_key": "created_date",
      "row_key": "id",
      "precombine_key": "updated_at",
      "batch_import_s3_path": "s3a://qb-data-analysis/warehouse/scrooge_default.db/"
    }
  },
  "subscriptions": {
    "default": {
      "partition_key": "created_date",
      "row_key": "id",
      "precombine_key": "updated_at",
      "batch_import_s3_path": "s3a://qb-data-analysis/warehouse/subscriptions_default.db/"
    }
  },
  "shield": {
    "default": {
      "partition_key": "created_date",
      "row_key": "id",
      "precombine_key": "updated_at",
      "batch_import_s3_path": "s3a://qb-data-analysis/warehouse/shield_default.db/"
    },
    "blacklists": {
      "partition_key": "",
      "row_key": "__id",
      "precombine_key": "attribute",
      "batch_import_s3_path": "s3a://qb-data-analysis/warehouse/shield_default.db/blacklists",
      "composite_key": [
        "attribute_type",
        "attribute"
      ]
    },
    "dedups": {
      "partition_key": "",
      "row_key": "__id",
      "precombine_key": "attribute",
      "batch_import_s3_path": "s3a://qb-data-analysis/warehouse/shield_default.db/dedups",
      "composite_key": [
        "attribute_type",
        "attribute",
        "merchant_id"
      ]
    },
    "list_items": {
      "partition_key": "created_date",
      "row_key": "id",
      "precombine_key": "created_at",
      "batch_import_s3_path": "s3a://qb-data-analysis/warehouse/shield_default.db/list_items"
    },
    "mccs": {
      "partition_key": "",
      "row_key": "category_code",
      "precombine_key": "risk_level",
      "batch_import_s3_path": "s3a://qb-data-analysis/warehouse/shield_default.db/mccs"
    },
    "reports": {
      "partition_key": "",
      "row_key": "payment_id",
      "precombine_key": "payment_created_at",
      "batch_import_s3_path": "s3a://qb-data-analysis/warehouse/shield_default.db/reports"
    },
    "risks": {
      "partition_key": "created_date",
      "row_key": "entity_id",
      "precombine_key": "updated_at",
      "batch_import_s3_path": "s3a://qb-data-analysis/warehouse/shield_default.db/risks"
    },
    "risk_logs": {
      "partition_key": "created_date",
      "row_key": "__id",
      "precombine_key": "__id",
      "batch_import_s3_path": "s3a://qb-data-analysis/warehouse/shield_default.db/risk_logs",
      "composite_key": [
        "id",
        "created_at"
      ]
    },
    "risks_new": {
      "partition_key": "created_date",
      "row_key": "__id",
      "precombine_key": "__id",
      "batch_import_s3_path": "s3a://qb-data-analysis/warehouse/shield_default.db/risks_new",
      "composite_key": [
        "id",
        "created_at"
      ]
    }
  },
  "payments_card": {
    "default": {
      "partition_key": "created_date",
      "row_key": "id",
      "precombine_key": "updated_at",
      "batch_import_s3_path": "s3a://qb-data-analysis/warehouse/payments_card_default.db/"
    }
  },
  "fts": {
    "default": {
      "partition_key": "created_date",
      "row_key": "id",
      "precombine_key": "updated_at",
      "batch_import_s3_path": "s3a://qb-data-analysis/warehouse/fts_default.db/"
    }
  },
  "auth": {
    "default": {
      "partition_key": "created_date",
      "row_key": "id",
      "precombine_key": "updated_at",
      "batch_import_s3_path": "s3a://qb-data-analysis/warehouse/auth_default.db/"
    }
  },
  "offline_verification": {
    "default": {
      "partition_key": "created_date",
      "row_key": "id",
      "precombine_key": "updated_at",
      "batch_import_s3_path": "s3a://qb-data-analysis/warehouse/offline_verification_default.db/"
    }
  },
  "governor": {
    "default": {
      "partition_key": "created_date",
      "row_key": "id",
      "precombine_key": "updated_at",
      "batch_import_s3_path": "s3a://qb-data-analysis/warehouse/governor_default.db/"
    },
    "domainmodel": {
      "partition_key": "created_date",
      "row_key": "__id",
      "precombine_key": "updated_at",
      "batch_import_s3_path": "s3a://qb-data-analysis/warehouse/governor_default.db/domainmodel",
      "composite_key": [
        "namespace_id",
        "version"
      ]
    },
    "routing_index": {
      "partition_key": "created_date",
      "row_key": "id",
      "precombine_key": "id",
      "batch_import_s3_path": "s3a://qb-data-analysis/warehouse/governor_default.db/routing_index"
    },
    "goose_db_version": {
      "partition_key": "",
      "row_key": "id",
      "precombine_key": "id",
      "batch_import_s3_path": "s3a://qb-data-analysis/warehouse/governor_default.db/goose_db_version"
    },
    "rules_routing_index": {
      "partition_key": "created_date",
      "row_key": "id",
      "precombine_key": "id",
      "batch_import_s3_path": "s3a://qb-data-analysis/warehouse/governor_default.db/rules_routing_index",
      "composite_key": [
        "id",
        "created_at"
      ]
    }
  },
  "shopifyapp": {
    "default": {
      "partition_key": "",
      "row_key": "id",
      "precombine_key": "id",
      "batch_import_s3_path": "s3a://qb-data-analysis/warehouse/shopifyapp_default.db/"
    },
    "auth_group": {
      "partition_key": "",
      "row_key": "id",
      "precombine_key": "id",
      "batch_import_s3_path": "s3a://qb-data-analysis/warehouse/shopifyapp_default.db/auth_group"
    },
    "django_session": {
      "partition_key": "",
      "row_key": "session_key",
      "precombine_key": "session_key",
      "batch_import_s3_path": "s3a://qb-data-analysis/warehouse/shopifyapp_default.db/django_session"
    },
    "shopify_app_shoptoken": {
      "partition_key": "created_date",
      "row_key": "id",
      "precombine_key": "modified_on",
      "batch_import_s3_path": "s3a://qb-data-analysis/warehouse/shopifyapp_default.db/shopify_app_shoptoken"
    },
    "shopify_app_ordertransactions": {
      "partition_key": "created_date",
      "row_key": "id",
      "precombine_key": "id",
      "batch_import_s3_path": "s3a://qb-data-analysis/warehouse/shopifyapp_default.db/shopify_app_ordertransactions"
    },
    "verify_app_verify": {
      "partition_key": "created_date",
      "row_key": "token_id",
      "precombine_key": "modified_on",
      "batch_import_s3_path": "s3a://qb-data-analysis/warehouse/shopifyapp_default.db/verify_app_verify"
    }
  },
  "trinity": {
    "default": {
      "partition_key": "created_date",
      "row_key": "id",
      "precombine_key": "updated_on",
      "batch_import_s3_path": "s3a://qb-data-analysis/warehouse/trinity_default.db/"
    },
    "actionmessages": {
      "partition_key": "",
      "row_key": "id",
      "precombine_key": "id",
      "batch_import_s3_path": "s3a://qb-data-analysis/warehouse/trinity_default.db/actionmessages"
    },
    "adminrules": {
      "partition_key": "created_date",
      "row_key": "__id",
      "precombine_key": "updated_on",
      "batch_import_s3_path": "s3a://qb-data-analysis/warehouse/trinity_default.db/adminrules",
      "composite_key": [
        "api_key",
        "rule_id"
      ]
    },
    "business": {
      "partition_key": "created_date",
      "row_key": "id",
      "precombine_key": "id",
      "batch_import_s3_path": "s3a://qb-data-analysis/warehouse/trinity_default.db/business"
    },
    "automaterules": {
      "partition_key": "created_date",
      "row_key": "__id",
      "precombine_key": "updated_on",
      "batch_import_s3_path": "s3a://qb-data-analysis/warehouse/trinity_default.db/automaterules",
      "composite_key": [
        "api_key",
        "rule_id"
      ]
    },
    "billing_details": {
      "partition_key": "created_date",
      "row_key": "id",
      "precombine_key": "updated_at",
      "batch_import_s3_path": "s3a://qb-data-analysis/warehouse/trinity_default.db/billing_details"
    },
    "business_details": {
      "partition_key": "created_date",
      "row_key": "id",
      "precombine_key": "id",
      "batch_import_s3_path": "s3a://qb-data-analysis/warehouse/trinity_default.db/business_details"
    },
    "business_metadata": {
      "partition_key": "",
      "row_key": "id",
      "precombine_key": "id",
      "batch_import_s3_path": "s3a://qb-data-analysis/warehouse/trinity_default.db/business_metadata"
    },
    "feature": {
      "partition_key": "created_date",
      "row_key": "id",
      "precombine_key": "id",
      "batch_import_s3_path": "s3a://qb-data-analysis/warehouse/trinity_default.db/feature"
    },
    "feature_intro": {
      "partition_key": "",
      "row_key": "id",
      "precombine_key": "id",
      "batch_import_s3_path": "s3a://qb-data-analysis/warehouse/trinity_default.db/feature_intro"
    },
    "knex_migrations": {
      "partition_key": "",
      "row_key": "id",
      "precombine_key": "id",
      "batch_import_s3_path": "s3a://qb-data-analysis/warehouse/trinity_default.db/knex_migrations"
    },
    "knex_migrations_lock": {
      "partition_key": "",
      "row_key": "is_locked",
      "precombine_key": "is_locked",
      "batch_import_s3_path": "s3a://qb-data-analysis/warehouse/trinity_default.db/knex_migrations_lock"
    },
    "ledger": {
      "partition_key": "created_date",
      "row_key": "id",
      "precombine_key": "id",
      "batch_import_s3_path": "s3a://qb-data-analysis/warehouse/trinity_default.db/ledger"
    },
    "notification": {
      "partition_key": "created_date",
      "row_key": "id",
      "precombine_key": "id",
      "batch_import_s3_path": "s3a://qb-data-analysis/warehouse/trinity_default.db/notification"
    },
    "permissions": {
      "partition_key": "",
      "row_key": "id",
      "precombine_key": "id",
      "batch_import_s3_path": "s3a://qb-data-analysis/warehouse/trinity_default.db/permissions"
    },
    "postbackheaders": {
      "partition_key": "created_date",
      "row_key": "id",
      "precombine_key": "id",
      "batch_import_s3_path": "s3a://qb-data-analysis/warehouse/trinity_default.db/postbackheaders"
    },
    "postbacks": {
      "partition_key": "created_date",
      "row_key": "api_key",
      "precombine_key": "api_key",
      "batch_import_s3_path": "s3a://qb-data-analysis/warehouse/trinity_default.db/postbacks"
    },
    "shipping_aggregator_details": {
      "partition_key": "created_date",
      "row_key": "id",
      "precombine_key": "updated_at",
      "batch_import_s3_path": "s3a://qb-data-analysis/warehouse/trinity_default.db/shipping_aggregator_details"
    },
    "stats": {
      "partition_key": "",
      "row_key": "id",
      "precombine_key": "id",
      "batch_import_s3_path": "s3a://qb-data-analysis/warehouse/trinity_default.db/stats"
    },
    "user_details": {
      "partition_key": "",
      "row_key": "id",
      "precombine_key": "id",
      "batch_import_s3_path": "s3a://qb-data-analysis/warehouse/trinity_default.db/user_details"
    },
    "users": {
      "partition_key": "created_date",
      "row_key": "id",
      "precombine_key": "id",
      "batch_import_s3_path": "s3a://qb-data-analysis/warehouse/trinity_default.db/users"
    },
    "useractivation": {
      "partition_key": "",
      "row_key": "token",
      "precombine_key": "token",
      "batch_import_s3_path": "s3a://qb-data-analysis/warehouse/trinity_default.db/useractivation"
    },
    "business_analytics": {
      "row_key": "id",
      "partition_key": "",
      "precombine_key": "id",
      "batch_import_s3_path": "s3a://qb-data-analysis/warehouse/trinity_default.db/"
    },
    "engagement_mails_details": {
      "row_key": "id",
      "partition_key": "created_date",
      "precombine_key": "updated_at",
      "batch_import_s3_path": "s3a://qb-data-analysis/warehouse/trinity_default.db/engagement_mails_details"
    }
  },
  "hostedapp": {
    "default": {
      "partition_key": "created_date",
      "row_key": "id",
      "precombine_key": "updated_at",
      "batch_import_s3_path": "s3a://qb-data-analysis/warehouse/hostedapp_default.db/"
    }
  },
  "payment_links": {
    "default": {
      "partition_key": "created_date",
      "row_key": "id",
      "precombine_key": "updated_at",
      "batch_import_s3_path": "s3a://qb-data-analysis/warehouse/backfill.db/"
    }
  },
  "capital_los": {
    "default": {
      "partition_key": "created_date",
      "row_key": "id",
      "precombine_key": "updated_at",
      "batch_import_s3_path": "s3a://qb-data-analysis/warehouse/capital_los_default.db/"
    },
    "business_applicants": {
      "partition_key": "created_date",
      "row_key": "__id",
      "precombine_key": "updated_at",
      "batch_import_s3_path": "s3a://qb-data-analysis/warehouse/capital_los_default.db/business_applicants",
      "composite_key": [
        "business_id",
        "applicant_id"
      ]
    },
    "document_masters_groups": {
      "partition_key": "",
      "row_key": "__id",
      "precombine_key": "__id",
      "batch_import_s3_path": "s3a://qb-data-analysis/warehouse/capital_los_default.db/document_masters_groups",
      "composite_key": [
        "document_master_id",
        "document_group_id"
      ]
    },
    "contracts": {
      "partition_key": "created_date",
      "row_key": "__id",
      "precombine_key": "updated_at",
      "batch_import_s3_path": "s3a://qb-data-analysis/warehouse/capital_los_default.db/contracts",
      "composite_key": [
        "application_id",
        "credit_offer_id"
      ]
    },
    "documents": {
      "partition_key": "created_date",
      "row_key": "__id",
      "precombine_key": "updated_at",
      "batch_import_s3_path": "s3a://qb-data-analysis/warehouse/capital_los_default.db/documents",
      "composite_key": [
        "application_id",
        "entity_id",
        "entity_type",
        "document_group_id"
      ]
    },
    "products_lenders": {
      "partition_key": "created_date",
      "row_key": "__id",
      "precombine_key": "updated_at",
      "batch_import_s3_path": "s3a://qb-data-analysis/warehouse/capital_los_default.db/products_lenders",
      "composite_key": [
        "lender_id",
        "product_id"
      ]
    },
    "application_status_log": {
      "partition_key": "",
      "row_key": "__id",
      "precombine_key": "__id",
      "batch_import_s3_path": "s3a://qb-data-analysis/warehouse/capital_los_default.db/application_status_log",
      "composite_key": [
        "application_id",
        "from_state",
        "to_state"
      ]
    }
  },
  "vendor-payments": {
    "default": {
      "partition_key": "created_date",
      "row_key": "id",
      "precombine_key": "updated_at",
      "batch_import_s3_path": "s3a://qb-data-analysis/warehouse/vendor_payments_default.db/"
    },
    "ocr_requests": {
      "partition_key": "created_date",
      "row_key": "id",
      "precombine_key": "id",
      "batch_import_s3_path": "s3a://qb-data-analysis/warehouse/vendor_payments_default.db/"
    },
    "penalties": {
      "partition_key": "created_date",
      "row_key": "id",
      "precombine_key": "id",
      "batch_import_s3_path": "s3a://qb-data-analysis/warehouse/vendor_payments_default.db/"
    },
    "records": {
      "partition_key": "created_date",
      "row_key": "id",
      "precombine_key": "id",
      "batch_import_s3_path": "s3a://qb-data-analysis/warehouse/vendor_payments_default.db/"
    },
    "tds_categories": {
      "partition_key": "",
      "row_key": "id",
      "precombine_key": "id",
      "batch_import_s3_path": "s3a://qb-data-analysis/warehouse/vendor_payments_default.db/"
    },
    "vendors": {
      "partition_key": "",
      "row_key": "id",
      "precombine_key": "id",
      "batch_import_s3_path": "s3a://qb-data-analysis/warehouse/vendor_payments_default.db/"
    },
    "accounting_appcredentials": {
      "row_key": "__id",
      "composite_key": [
        "accounting_app",
        "merchant_id"
      ],
      "partition_key": "",
      "precombine_key": "updated_at",
      "batch_import_s3_path": "s3a://qb-data-analysis/warehouse/vendor_payments_default.db/"
    },
    "accounting_waitlist": {
      "row_key": "__id",
      "composite_key": [
        "accounting_app",
        "merchant_id"
      ],
      "partition_key": "",
      "precombine_key": "updated_at",
      "batch_import_s3_path": "s3a://qb-data-analysis/warehouse/vendor_payments_default.db/"
    },
    "accounting_syncinfo": {
      "row_key": "__id",
      "composite_key": [
        "accounting_app",
        "merchant_id"
      ],
      "partition_key": "created_date",
      "precombine_key": "updated_at",
      "batch_import_s3_path": "s3a://qb-data-analysis/warehouse/vendor_payments_default.db/"
    },
    "accounting_payout_invoice": {
      "row_key": "__id",
      "composite_key": [
        "id",
        "created_at"
      ],
      "partition_key": "created_date",
      "precombine_key": "updated_at",
      "batch_import_s3_path": "s3a://qb-data-analysis/warehouse/vendor_payments_default.db/"
    }
  },
  "capital_loc": {
    "default": {
      "partition_key": "created_date",
      "row_key": "id",
      "precombine_key": "updated_at",
      "batch_import_s3_path": "s3a://qb-data-analysis/warehouse/capital_loc_default.db/"
    },
    "account_balances": {
      "partition_key": "",
      "row_key": "id",
      "precombine_key": "id",
      "batch_import_s3_path": "s3a://qb-data-analysis/warehouse/capital_loc_default.db/"
    }
  },
  "reminders": {
    "default": {
      "partition_key": "created_date",
      "row_key": "id",
      "precombine_key": "updated_at",
      "batch_import_s3_path": "s3a://qb-data-analysis/warehouse/reminders_default.db/"
    }
  },
  "payout_links": {
    "default": {
      "partition_key": "created_date",
      "row_key": "id",
      "precombine_key": "updated_at",
      "batch_import_s3_path": "s3a://qb-data-analysis/warehouse/payout_links_default.db/"
    }
  },
  "terminals": {
    "default": {
      "partition_key": "created_date",
      "row_key": "id",
      "precombine_key": "updated_at",
      "batch_import_s3_path": "s3a://qb-data-analysis/warehouse/terminals_default.db/"
    },
    "terminal_submerchant": {
      "partition_key": "",
      "row_key": "__id",
      "precombine_key": "__id",
      "batch_import_s3_path": "s3a://qb-data-analysis/warehouse/terminals_default.db/terminal_submerchant",
      "composite_key": [
        "terminal_id",
        "merchant_id"
      ]
    }
  },
  "settlements": {
    "default": {
      "partition_key": "created_date",
      "row_key": "id",
      "precombine_key": "updated_at",
      "batch_import_s3_path": "s3a://qb-data-analysis/warehouse/settlements_live_default.db/"
    }
  },
  "opfin": {
    "default": {
      "partition_key": "",
      "row_key": "id",
      "precombine_key": "id",
      "batch_import_s3_path": "s3a://qb-data-analysis/warehouse/opfin_default.db/"
    },
    "insurance_beneficiaries": {
      "partition_key": "created_date",
      "row_key": "id",
      "precombine_key": "updated_at",
      "batch_import_s3_path": "s3a://qb-data-analysis/warehouse/sqoop_prod_opfin.db/insurance_beneficiaries"
    },
    "insurance_organization_configs": {
      "partition_key": "created_date",
      "row_key": "id",
      "precombine_key": "updated_at",
      "batch_import_s3_path": "s3a://qb-data-analysis/warehouse/sqoop_prod_opfin.db/insurance_organization_configs"
    },
    "insurance_organization_people_configs": {
      "partition_key": "created_date",
      "row_key": "id",
      "precombine_key": "updated_at",
      "batch_import_s3_path": "s3a://qb-data-analysis/warehouse/sqoop_prod_opfin.db/insurance_organization_people_configs"
    },
    "insurance_organization_people_dependent_configs": {
      "partition_key": "created_date",
      "row_key": "id",
      "precombine_key": "updated_at",
      "batch_import_s3_path": "s3a://qb-data-analysis/warehouse/sqoop_prod_opfin.db/insurance_organization_people_dependent_configs"
    },
    "insurance_organization_purchase_audits": {
      "partition_key": "created_date",
      "row_key": "id",
      "precombine_key": "updated_at",
      "batch_import_s3_path": "s3a://qb-data-analysis/warehouse/sqoop_prod_opfin.db/insurance_organization_purchase_audits"
    },
    "insurance_organization_purchase_details": {
      "partition_key": "created_date",
      "row_key": "id",
      "precombine_key": "updated_at",
      "batch_import_s3_path": "s3a://qb-data-analysis/warehouse/sqoop_prod_opfin.db/insurance_organization_purchase_details"
    },
    "insurance_organizations": {
      "partition_key": "created_date",
      "row_key": "id",
      "precombine_key": "updated_at",
      "batch_import_s3_path": "s3a://qb-data-analysis/warehouse/sqoop_prod_opfin.db/insurance_organizations"
    },
    "organization_people_dependents": {
      "partition_key": "created_date",
      "row_key": "id",
      "precombine_key": "updated_at",
      "batch_import_s3_path": "s3a://qb-data-analysis/warehouse/sqoop_prod_opfin.db/organization_people_dependents"
    }
  },
  "recon": {
    "default": {
      "partition_key": "created_date",
      "row_key": "id",
      "precombine_key": "updated_at",
      "batch_import_s3_path": "s3a://qb-data-analysis/warehouse/recon_default.db/"
    }
  },
  "router": {
    "default": {
      "partition_key": "created_date",
      "row_key": "id",
      "precombine_key": "updated_at",
      "batch_import_s3_path": "s3a://rzp-data-lake/partitioned-data/router/"
    }
  },
  "pg_router": {
    "default": {
      "partition_key": "created_date",
      "row_key": "id",
      "precombine_key": "updated_at",
      "batch_import_s3_path": "s3a://qb-data-analysis/warehouse/pg_router_default.db/"
    },
    "orders": {
      "partition_key": "created_date",
      "row_key": "id",
      "precombine_key": "id",
      "batch_import_s3_path": "s3a://qb-data-analysis/warehouse/pg_router_default.db/"
    }
  },
  "capital_collections": {
    "default": {
      "partition_key": "created_date",
      "row_key": "id",
      "precombine_key": "updated_at",
      "batch_import_s3_path": "s3a://qb-data-analysis/warehouse/capital_collections_sqoop.db/"
    },
    "ledger_balances": {
      "partition_key": "created_date",
      "row_key": "plan_id",
      "precombine_key": "updated_at",
      "batch_import_s3_path": "s3a://qb-data-analysis/warehouse/capital_collections_sqoop.db/"
    }
  },
  "capital_cards": {
    "default": {
      "partition_key": "created_date",
      "row_key": "id",
      "precombine_key": "updated_at",
      "batch_import_s3_path": "s3a://qb-data-analysis/warehouse/capital_cards_sqoop.db/"
    },
    "processors": {
      "partition_key": "created_date",
      "row_key": "type",
      "precombine_key": "updated_at",
      "batch_import_s3_path": "s3a://qb-data-analysis/warehouse/capital_cards_sqoop.db/"
    }
  },
  "ledger": {
    "default": {
      "partition_key": "created_date",
      "row_key": "id",
      "precombine_key": "updated_at",
      "batch_import_s3_path": "s3a://qb-data-analysis/warehouse/sqoop_ledger.db/"
    }
  }
}
